category,distribution,count,columns,col_width,total,sort,scatter,gather
radix,random,4096,1,4,91133,70871,5236,15026
pdq_dynamic,random,4096,1,4,326967,308130,3425,15412
pdq_static,random,4096,1,4,185287,166221,3649,15417
radix,random,4096,1,4,75039,56029,3584,15426
pdq_dynamic,random,4096,1,4,318981,300023,3548,15410
pdq_static,random,4096,1,4,180836,161856,3556,15424
radix,random,4096,1,4,77034,56775,3549,16710
pdq_dynamic,random,4096,1,4,316945,297960,3566,15419
pdq_static,random,4096,1,4,185809,166796,3585,15428
radix,random,4096,1,4,75218,56213,3573,15432
pdq_dynamic,random,4096,1,4,310852,291887,3557,15408
pdq_static,random,4096,1,4,180871,161963,3508,15400
radix,random,4096,1,4,76225,57231,3562,15432
pdq_dynamic,random,4096,1,4,312848,293876,3564,15408
pdq_static,random,4096,1,4,181878,162916,3566,15396
radix,powerlaw,4096,1,4,89821,69920,3559,16342
pdq_dynamic,powerlaw,4096,1,4,199612,179754,3499,16359
pdq_static,powerlaw,4096,1,4,82356,62462,3538,16356
radix,powerlaw,4096,1,4,90067,70322,3499,16246
pdq_dynamic,powerlaw,4096,1,4,200651,180810,3498,16343
pdq_static,powerlaw,4096,1,4,86069,66254,3540,16275
radix,powerlaw,4096,1,4,91141,71239,3529,16373
pdq_dynamic,powerlaw,4096,1,4,198153,178314,3482,16357
pdq_static,powerlaw,4096,1,4,82621,62745,3533,16343
radix,powerlaw,4096,1,4,89113,69245,3576,16292
pdq_dynamic,powerlaw,4096,1,4,202737,182826,3502,16409
pdq_static,powerlaw,4096,1,4,81833,62022,3540,16271
radix,powerlaw,4096,1,4,89962,70102,3513,16347
pdq_dynamic,powerlaw,4096,1,4,202882,183026,3511,16345
pdq_static,powerlaw,4096,1,4,82789,62850,3576,16363
radix,correlated0.1,4096,1,4,86160,65949,3542,16669
pdq_dynamic,correlated0.1,4096,1,4,235040,214883,3490,16667
pdq_static,correlated0.1,4096,1,4,98159,78425,3573,16161
radix,correlated0.1,4096,1,4,84136,64497,3468,16171
pdq_dynamic,correlated0.1,4096,1,4,231705,212138,3435,16132
pdq_static,correlated0.1,4096,1,4,97954,78354,3441,16159
radix,correlated0.1,4096,1,4,83666,64076,3427,16163
pdq_dynamic,correlated0.1,4096,1,4,229932,210389,3404,16139
pdq_static,correlated0.1,4096,1,4,100637,81055,3434,16148
radix,correlated0.1,4096,1,4,84230,64660,3411,16159
pdq_dynamic,correlated0.1,4096,1,4,222787,203210,3426,16151
pdq_static,correlated0.1,4096,1,4,98945,79346,3439,16160
radix,correlated0.1,4096,1,4,85428,65802,3468,16158
pdq_dynamic,correlated0.1,4096,1,4,230075,210514,3435,16126
pdq_static,correlated0.1,4096,1,4,120017,99909,3456,16652
radix,correlated0.5,4096,1,4,87670,67432,3582,16656
pdq_dynamic,correlated0.5,4096,1,4,234457,214286,3519,16652
pdq_static,correlated0.5,4096,1,4,102022,81837,3543,16642
radix,correlated0.5,4096,1,4,87092,66851,3597,16644
pdq_dynamic,correlated0.5,4096,1,4,234639,214479,3533,16627
pdq_static,correlated0.5,4096,1,4,100220,79984,3591,16645
radix,correlated0.5,4096,1,4,83363,63730,3497,16136
pdq_dynamic,correlated0.5,4096,1,4,225468,205915,3416,16137
pdq_static,correlated0.5,4096,1,4,97024,77340,3497,16187
radix,correlated0.5,4096,1,4,83303,63717,3444,16142
pdq_dynamic,correlated0.5,4096,1,4,231905,212308,3432,16165
pdq_static,correlated0.5,4096,1,4,97606,77941,3487,16178
radix,correlated0.5,4096,1,4,83637,64027,3434,16176
pdq_dynamic,correlated0.5,4096,1,4,236655,217083,3404,16168
pdq_static,correlated0.5,4096,1,4,99446,79800,3458,16188
radix,correlated0.9,4096,1,4,84279,64630,3459,16190
pdq_dynamic,correlated0.9,4096,1,4,224845,205306,3376,16163
pdq_static,correlated0.9,4096,1,4,97583,77973,3439,16171
radix,correlated0.9,4096,1,4,84840,65293,3401,16146
pdq_dynamic,correlated0.9,4096,1,4,223173,203587,3422,16164
pdq_static,correlated0.9,4096,1,4,97327,77750,3427,16150
radix,correlated0.9,4096,1,4,82694,63165,3382,16147
pdq_dynamic,correlated0.9,4096,1,4,255446,235370,3402,16674
pdq_static,correlated0.9,4096,1,4,101591,81322,3581,16688
radix,correlated0.9,4096,1,4,86964,66713,3584,16667
pdq_dynamic,correlated0.9,4096,1,4,239431,219225,3542,16664
pdq_static,correlated0.9,4096,1,4,100509,80235,3610,16664
radix,correlated0.9,4096,1,4,86378,66176,3542,16660
pdq_dynamic,correlated0.9,4096,1,4,241140,221479,3525,16136
pdq_static,correlated0.9,4096,1,4,100538,80930,3411,16197
radix,random,4096,2,4,222791,198013,8556,16222
pdq_dynamic,random,4096,2,4,346370,324873,5335,16162
pdq_static,random,4096,2,4,183921,162507,5232,16182
radix,random,4096,2,4,206805,185285,5331,16189
pdq_dynamic,random,4096,2,4,342441,320899,5356,16186
pdq_static,random,4096,2,4,185003,163509,5302,16192
radix,random,4096,2,4,211939,190358,5370,16211
pdq_dynamic,random,4096,2,4,346207,322552,5292,18363
pdq_static,random,4096,2,4,181564,160110,5264,16190
radix,random,4096,2,4,216027,194559,5274,16194
pdq_dynamic,random,4096,2,4,340906,319492,5238,16176
pdq_static,random,4096,2,4,181725,160267,5265,16193
radix,random,4096,2,4,212185,190660,5336,16189
pdq_dynamic,random,4096,2,4,338742,317253,5305,16184
pdq_static,random,4096,2,4,182113,160617,5309,16187
radix,powerlaw,4096,2,4,225060,185698,5251,34111
pdq_dynamic,powerlaw,4096,2,4,349260,311278,5328,32654
pdq_static,powerlaw,4096,2,4,183639,147233,5031,31375
radix,powerlaw,4096,2,4,225359,187072,5258,33029
pdq_dynamic,powerlaw,4096,2,4,351035,312566,5269,33200
pdq_static,powerlaw,4096,2,4,182791,147077,5036,30678
radix,powerlaw,4096,2,4,221041,183149,5287,32605
pdq_dynamic,powerlaw,4096,2,4,351042,312618,5211,33213
pdq_static,powerlaw,4096,2,4,186026,149631,5018,31377
radix,powerlaw,4096,2,4,225005,186077,5419,33509
pdq_dynamic,powerlaw,4096,2,4,346996,307097,5335,34564
pdq_static,powerlaw,4096,2,4,183663,148006,4993,30664
radix,powerlaw,4096,2,4,223632,185140,5346,33146
pdq_dynamic,powerlaw,4096,2,4,348709,310307,5392,33010
pdq_static,powerlaw,4096,2,4,184164,148229,5022,30913
radix,correlated0.1,4096,2,4,288922,261053,4887,22982
pdq_dynamic,correlated0.1,4096,2,4,346353,318253,5316,22784
pdq_static,correlated0.1,4096,2,4,186014,158091,5240,22683
radix,correlated0.1,4096,2,4,278717,250446,5269,23002
pdq_dynamic,correlated0.1,4096,2,4,349084,321225,5217,22642
pdq_static,correlated0.1,4096,2,4,190546,161989,5243,23314
radix,correlated0.1,4096,2,4,291554,263866,4968,22720
pdq_dynamic,correlated0.1,4096,2,4,342483,313977,5218,23288
pdq_static,correlated0.1,4096,2,4,189269,161448,5201,22620
radix,correlated0.1,4096,2,4,277886,250000,5240,22646
pdq_dynamic,correlated0.1,4096,2,4,345641,317587,5199,22855
pdq_static,correlated0.1,4096,2,4,188706,160820,5210,22676
radix,correlated0.1,4096,2,4,286608,258156,4918,23534
pdq_dynamic,correlated0.1,4096,2,4,346038,317881,5257,22900
pdq_static,correlated0.1,4096,2,4,189616,161457,5254,22905
radix,correlated0.5,4096,2,4,273812,247664,5218,20930
pdq_dynamic,correlated0.5,4096,2,4,323067,296855,5243,20969
pdq_static,correlated0.5,4096,2,4,169031,142486,5253,21292
radix,correlated0.5,4096,2,4,267894,241187,5337,21370
pdq_dynamic,correlated0.5,4096,2,4,321182,294945,5255,20982
pdq_static,correlated0.5,4096,2,4,169970,143645,5349,20976
radix,correlated0.5,4096,2,4,270296,243628,5413,21255
pdq_dynamic,correlated0.5,4096,2,4,320180,293763,5291,21126
pdq_static,correlated0.5,4096,2,4,170003,143459,5262,21282
radix,correlated0.5,4096,2,4,283413,257633,4940,20840
pdq_dynamic,correlated0.5,4096,2,4,323137,296519,5262,21356
pdq_static,correlated0.5,4096,2,4,167432,141070,5240,21122
radix,correlated0.5,4096,2,4,274975,248471,5234,21270
pdq_dynamic,correlated0.5,4096,2,4,314805,288694,5271,20840
pdq_static,correlated0.5,4096,2,4,168113,141481,5207,21425
radix,correlated0.9,4096,2,4,327714,303340,5263,19111
pdq_dynamic,correlated0.9,4096,2,4,259712,235372,5288,19052
pdq_static,correlated0.9,4096,2,4,122814,98669,5198,18947
radix,correlated0.9,4096,2,4,318235,293883,5315,19037
pdq_dynamic,correlated0.9,4096,2,4,262898,238698,5203,18997
pdq_static,correlated0.9,4096,2,4,125066,100801,5300,18965
radix,correlated0.9,4096,2,4,321881,297714,5222,18945
pdq_dynamic,correlated0.9,4096,2,4,263012,238710,5291,19011
pdq_static,correlated0.9,4096,2,4,124752,100457,5315,18980
radix,correlated0.9,4096,2,4,324435,300072,5337,19026
pdq_dynamic,correlated0.9,4096,2,4,263349,238937,5317,19095
pdq_static,correlated0.9,4096,2,4,130607,106416,5255,18936
radix,correlated0.9,4096,2,4,328099,303775,5251,19073
pdq_dynamic,correlated0.9,4096,2,4,275734,251394,5258,19082
pdq_static,correlated0.9,4096,2,4,123335,99143,5249,18943
radix,random,4096,4,4,237110,208813,12030,16267
pdq_dynamic,random,4096,4,4,360947,335068,9185,16694
pdq_static,random,4096,4,4,203752,177903,9110,16739
radix,random,4096,4,4,222857,196903,9239,16715
pdq_dynamic,random,4096,4,4,360936,335571,9172,16193
pdq_static,random,4096,4,4,196522,171556,8752,16214
radix,random,4096,4,4,214244,189328,8708,16208
pdq_dynamic,random,4096,4,4,350230,325300,8714,16216
pdq_static,random,4096,4,4,194054,169202,8630,16222
radix,random,4096,4,4,214279,189274,8812,16193
pdq_dynamic,random,4096,4,4,347001,321957,8861,16183
pdq_static,random,4096,4,4,196535,171482,8851,16202
radix,random,4096,4,4,211325,186403,8730,16192
pdq_dynamic,random,4096,4,4,345224,320312,8725,16187
pdq_static,random,4096,4,4,198961,174012,8752,16197
radix,powerlaw,4096,4,4,237812,212903,8671,16238
pdq_dynamic,powerlaw,4096,4,4,321972,298474,8183,15315
pdq_static,powerlaw,4096,4,4,218265,194758,8158,15349
radix,powerlaw,4096,4,4,239971,214820,8925,16226
pdq_dynamic,powerlaw,4096,4,4,326832,301314,10259,15259
pdq_static,powerlaw,4096,4,4,216595,193042,8258,15295
radix,powerlaw,4096,4,4,241354,216199,8925,16230
pdq_dynamic,powerlaw,4096,4,4,325001,301242,8453,15306
pdq_static,powerlaw,4096,4,4,216177,192604,8274,15299
radix,powerlaw,4096,4,4,255901,230778,8872,16251
pdq_dynamic,powerlaw,4096,4,4,329425,305717,8396,15312
pdq_static,powerlaw,4096,4,4,215357,191768,8272,15317
radix,powerlaw,4096,4,4,239097,213958,8850,16289
pdq_dynamic,powerlaw,4096,4,4,337241,301109,20831,15301
pdq_static,powerlaw,4096,4,4,216630,192999,8288,15343
radix,correlated0.1,4096,4,4,285234,259972,9065,16197
pdq_dynamic,correlated0.1,4096,4,4,343037,317947,8884,16206
pdq_static,correlated0.1,4096,4,4,193368,169750,8312,15306
radix,correlated0.1,4096,4,4,283397,258378,8790,16229
pdq_dynamic,correlated0.1,4096,4,4,347919,322876,8824,16219
pdq_static,correlated0.1,4096,4,4,195454,171850,8296,15308
radix,correlated0.1,4096,4,4,280445,255381,8862,16202
pdq_dynamic,correlated0.1,4096,4,4,345161,320155,8818,16188
pdq_static,correlated0.1,4096,4,4,206376,181390,8723,16263
radix,correlated0.1,4096,4,4,281250,256257,8780,16213
pdq_dynamic,correlated0.1,4096,4,4,357551,332630,8716,16205
pdq_static,correlated0.1,4096,4,4,192141,168593,8260,15288
radix,correlated0.1,4096,4,4,282290,257250,8827,16213
pdq_dynamic,correlated0.1,4096,4,4,338896,313855,8836,16205
pdq_static,correlated0.1,4096,4,4,205723,169417,20993,15313
radix,correlated0.5,4096,4,4,336907,308910,8863,19134
pdq_dynamic,correlated0.5,4096,4,4,358258,331211,8943,18104
pdq_static,correlated0.5,4096,4,4,240121,213460,8366,18295
radix,correlated0.5,4096,4,4,329534,301460,8777,19297
pdq_dynamic,correlated0.5,4096,4,4,352494,324435,8828,19231
pdq_static,correlated0.5,4096,4,4,234344,207765,8356,18223
radix,correlated0.5,4096,4,4,335294,306970,9048,19276
pdq_dynamic,correlated0.5,4096,4,4,358405,319147,8796,30462
pdq_static,correlated0.5,4096,4,4,235349,208958,8397,17994
radix,correlated0.5,4096,4,4,333435,305369,8878,19188
pdq_dynamic,correlated0.5,4096,4,4,350161,321998,8846,19317
pdq_static,correlated0.5,4096,4,4,233702,207369,8357,17976
radix,correlated0.5,4096,4,4,339044,310927,8924,19193
pdq_dynamic,correlated0.5,4096,4,4,347990,320002,8872,19116
pdq_static,correlated0.5,4096,4,4,234386,207948,8373,18065
radix,correlated0.9,4096,4,4,608753,580707,9066,18980
pdq_dynamic,correlated0.9,4096,4,4,302463,274637,8776,19050
pdq_static,correlated0.9,4096,4,4,211631,185195,8443,17993
radix,correlated0.9,4096,4,4,621417,593535,8915,18967
pdq_dynamic,correlated0.9,4096,4,4,301450,273378,8863,19209
pdq_static,correlated0.9,4096,4,4,205095,178908,8243,17944
radix,correlated0.9,4096,4,4,613183,585194,8977,19012
pdq_dynamic,correlated0.9,4096,4,4,300282,272200,8897,19185
pdq_static,correlated0.9,4096,4,4,209146,182788,8316,18042
radix,correlated0.9,4096,4,4,604722,576928,8777,19017
pdq_dynamic,correlated0.9,4096,4,4,305390,277488,8860,19042
pdq_static,correlated0.9,4096,4,4,203382,175352,10129,17901
radix,correlated0.9,4096,4,4,628977,601075,8916,18986
pdq_dynamic,correlated0.9,4096,4,4,307014,280048,8938,18028
pdq_static,correlated0.9,4096,4,4,208675,182472,8307,17896
radix,random,65536,1,4,1286021,981416,79741,224864
pdq_dynamic,random,65536,1,4,5782651,5504844,53011,224796
pdq_static,random,65536,1,4,3137189,2864054,48232,224903
radix,random,65536,1,4,1286227,1007308,54103,224816
pdq_dynamic,random,65536,1,4,5608364,5334878,48694,224792
pdq_static,random,65536,1,4,3033548,2760843,47944,224761
radix,random,65536,1,4,1289662,993109,53015,243538
pdq_dynamic,random,65536,1,4,5656512,5383640,48091,224781
pdq_static,random,65536,1,4,3041449,2767995,48637,224817
radix,random,65536,1,4,1276715,979679,53503,243533
pdq_dynamic,random,65536,1,4,5777799,5504838,48184,224777
pdq_static,random,65536,1,4,3155737,2881882,48245,225610
radix,random,65536,1,4,1266412,987835,53758,224819
pdq_dynamic,random,65536,1,4,5662378,5389527,48086,224765
pdq_static,random,65536,1,4,3038066,2762755,48115,227196
radix,powerlaw,65536,1,4,1331994,1057444,48513,226037
pdq_dynamic,powerlaw,65536,1,4,2709165,2435058,48357,225750
pdq_static,powerlaw,65536,1,4,1076179,802083,48256,225840
radix,powerlaw,65536,1,4,1333218,1058943,48572,225703
pdq_dynamic,powerlaw,65536,1,4,2646723,2372728,48344,225651
pdq_static,powerlaw,65536,1,4,1052835,779055,48055,225725
radix,powerlaw,65536,1,4,1336126,1062042,48390,225694
pdq_dynamic,powerlaw,65536,1,4,2676713,2402486,48522,225705
pdq_static,powerlaw,65536,1,4,1065743,791789,48199,225755
radix,powerlaw,65536,1,4,1340325,1063394,51206,225725
pdq_dynamic,powerlaw,65536,1,4,2699576,2425947,47926,225703
pdq_static,powerlaw,65536,1,4,1107187,815061,66360,225766
radix,powerlaw,65536,1,4,1338730,1064680,48286,225764
pdq_dynamic,powerlaw,65536,1,4,2750997,2477354,47936,225707
pdq_static,powerlaw,65536,1,4,1050787,776915,48065,225807
radix,correlated0.1,65536,1,4,1563225,1284638,52664,225923
pdq_dynamic,correlated0.1,65536,1,4,3162512,2888533,48097,225882
pdq_static,correlated0.1,65536,1,4,1170391,896439,48034,225918
radix,correlated0.1,65536,1,4,1595172,1316535,52743,225894
pdq_dynamic,correlated0.1,65536,1,4,3208596,2934648,48070,225878
pdq_static,correlated0.1,65536,1,4,1220490,946662,47934,225894
radix,correlated0.1,65536,1,4,1566950,1288459,52604,225887
pdq_dynamic,correlated0.1,65536,1,4,3240653,2966768,48008,225877
pdq_static,correlated0.1,65536,1,4,1236789,962648,48269,225872
radix,correlated0.1,65536,1,4,1593196,1314618,52645,225933
pdq_dynamic,correlated0.1,65536,1,4,3223612,2949721,47969,225922
pdq_static,correlated0.1,65536,1,4,1201577,927690,47987,225900
radix,correlated0.1,65536,1,4,1546193,1267774,52457,225962
pdq_dynamic,correlated0.1,65536,1,4,3234607,2958143,48101,228363
pdq_static,correlated0.1,65536,1,4,1261016,987154,47973,225889
radix,correlated0.5,65536,1,4,1564464,1285982,52609,225873
pdq_dynamic,correlated0.5,65536,1,4,3517354,3243136,48338,225880
pdq_static,correlated0.5,65536,1,4,1202638,928568,48187,225883
radix,correlated0.5,65536,1,4,1541619,1263209,52500,225910
pdq_dynamic,correlated0.5,65536,1,4,3259030,2984656,48489,225885
pdq_static,correlated0.5,65536,1,4,1189860,916018,47904,225938
radix,correlated0.5,65536,1,4,1545659,1267150,52627,225882
pdq_dynamic,correlated0.5,65536,1,4,3169451,2895409,48163,225879
pdq_static,correlated0.5,65536,1,4,1206775,932756,48099,225920
radix,correlated0.5,65536,1,4,1572552,1294157,52504,225891
pdq_dynamic,correlated0.5,65536,1,4,3215611,2941696,48032,225883
pdq_static,correlated0.5,65536,1,4,1200966,926974,48049,225943
radix,correlated0.5,65536,1,4,1537785,1259106,52758,225921
pdq_dynamic,correlated0.5,65536,1,4,3295868,3022010,47951,225907
pdq_static,correlated0.5,65536,1,4,1222447,948563,47962,225922
radix,correlated0.9,65536,1,4,1556824,1277967,52947,225910
pdq_dynamic,correlated0.9,65536,1,4,3237565,2963479,48174,225912
pdq_static,correlated0.9,65536,1,4,1179318,905436,47977,225905
radix,correlated0.9,65536,1,4,1567022,1288596,52541,225885
pdq_dynamic,correlated0.9,65536,1,4,3135571,2861775,47911,225885
pdq_static,correlated0.9,65536,1,4,1207565,933662,47989,225914
radix,correlated0.9,65536,1,4,1558777,1280269,52639,225869
pdq_dynamic,correlated0.9,65536,1,4,3172877,2896801,47935,228141
pdq_static,correlated0.9,65536,1,4,1247472,973515,47999,225958
radix,correlated0.9,65536,1,4,1575640,1294358,52589,228693
pdq_dynamic,correlated0.9,65536,1,4,3125459,2851393,48175,225891
pdq_static,correlated0.9,65536,1,4,1202341,928204,48231,225906
radix,correlated0.9,65536,1,4,1557389,1278920,52527,225942
pdq_dynamic,correlated0.9,65536,1,4,3147560,2873738,47929,225893
pdq_static,correlated0.9,65536,1,4,1210875,937115,47868,225892
radix,random,65536,2,4,2093864,1733909,116399,243556
pdq_dynamic,random,65536,2,4,6310673,5983934,83247,243492
pdq_static,random,65536,2,4,3196629,2871958,81168,243503
radix,random,65536,2,4,2058594,1727076,88018,243500
pdq_dynamic,random,65536,2,4,6314511,5987832,83193,243486
pdq_static,random,65536,2,4,3199997,2874696,81802,243499
radix,random,65536,2,4,2071166,1739262,88410,243494
pdq_dynamic,random,65536,2,4,6378392,6051679,83239,243474
pdq_static,random,65536,2,4,3205979,2880740,81703,243536
radix,random,65536,2,4,2078096,1743374,88333,246389
pdq_dynamic,random,65536,2,4,6306838,5980153,83218,243467
pdq_static,random,65536,2,4,3215821,2890746,81580,243495
radix,random,65536,2,4,2061836,1729818,88514,243504
pdq_dynamic,random,65536,2,4,6362446,6035291,83682,243473
pdq_static,random,65536,2,4,3200264,2874959,81774,243531
radix,powerlaw,65536,2,4,2724043,2348877,82171,292995
pdq_dynamic,powerlaw,65536,2,4,4982992,4607031,83782,292179
pdq_static,powerlaw,65536,2,4,2365892,1991396,81574,292922
radix,powerlaw,65536,2,4,2585205,2210169,82152,292884
pdq_dynamic,powerlaw,65536,2,4,4952853,4575357,82957,294539
pdq_static,powerlaw,65536,2,4,2309913,1935658,81853,292402
radix,powerlaw,65536,2,4,2572531,2197781,82102,292648
pdq_dynamic,powerlaw,65536,2,4,4921129,4545271,83420,292438
pdq_static,powerlaw,65536,2,4,2314274,1940530,82073,291671
radix,powerlaw,65536,2,4,2527585,2152123,82306,293156
pdq_dynamic,powerlaw,65536,2,4,5156770,4780580,83571,292619
pdq_static,powerlaw,65536,2,4,2299491,1924861,82116,292514
radix,powerlaw,65536,2,4,2485545,2110753,82263,292529
pdq_dynamic,powerlaw,65536,2,4,4998510,4622678,83458,292374
pdq_static,powerlaw,65536,2,4,2316467,1939977,81457,295033
radix,correlated0.1,65536,2,4,3005168,2517454,82133,405581
pdq_dynamic,correlated0.1,65536,2,4,6124853,5635160,83396,406297
pdq_static,correlated0.1,65536,2,4,3162096,2675017,81465,405614
radix,correlated0.1,65536,2,4,2933221,2443953,82190,407078
pdq_dynamic,correlated0.1,65536,2,4,6156632,5667213,83318,406101
pdq_static,correlated0.1,65536,2,4,3208154,2716119,81328,410707
radix,correlated0.1,65536,2,4,2947947,2462240,82076,403631
pdq_dynamic,correlated0.1,65536,2,4,6194422,5699712,82737,411973
pdq_static,correlated0.1,65536,2,4,3163714,2675940,81815,405959
radix,correlated0.1,65536,2,4,2969404,2478403,82331,408670
pdq_dynamic,correlated0.1,65536,2,4,6184837,5694025,83310,407502
pdq_static,correlated0.1,65536,2,4,3232721,2733747,81693,417281
radix,correlated0.1,65536,2,4,2922335,2433803,82211,406321
pdq_dynamic,correlated0.1,65536,2,4,6204814,5711107,83260,410447
pdq_static,correlated0.1,65536,2,4,3183128,2696785,81710,404633
radix,correlated0.5,65536,2,4,2540446,2091012,82060,367374
pdq_dynamic,correlated0.5,65536,2,4,5062655,4612324,83636,366695
pdq_static,correlated0.5,65536,2,4,2514268,2063662,81558,369048
radix,correlated0.5,65536,2,4,2568568,2117726,81655,369187
pdq_dynamic,correlated0.5,65536,2,4,5086601,4634923,83325,368353
pdq_static,correlated0.5,65536,2,4,2501112,2051257,81786,368069
radix,correlated0.5,65536,2,4,2569153,2119705,82019,367429
pdq_dynamic,correlated0.5,65536,2,4,5080671,4631280,83873,365518
pdq_static,correlated0.5,65536,2,4,2528858,2081631,81522,365705
radix,correlated0.5,65536,2,4,2554600,2110596,81766,362238
pdq_dynamic,correlated0.5,65536,2,4,5048777,4599714,83457,365606
pdq_static,correlated0.5,65536,2,4,2537814,2089688,82258,365868
radix,correlated0.5,65536,2,4,2565485,2121097,82063,362325
pdq_dynamic,correlated0.5,65536,2,4,5130716,4648721,83769,398226
pdq_static,correlated0.5,65536,2,4,2494177,2046543,81822,365812
radix,correlated0.9,65536,2,4,2045588,1696659,85742,263187
pdq_dynamic,correlated0.9,65536,2,4,3623998,3280430,83173,260395
pdq_static,correlated0.9,65536,2,4,1623234,1281861,81522,259851
radix,correlated0.9,65536,2,4,2027541,1682362,85578,259601
pdq_dynamic,correlated0.9,65536,2,4,3680037,3334516,83152,262369
pdq_static,correlated0.9,65536,2,4,1576184,1234919,82122,259143
radix,correlated0.9,65536,2,4,2038377,1693165,85400,259812
pdq_dynamic,correlated0.9,65536,2,4,3600508,3257149,83635,259724
pdq_static,correlated0.9,65536,2,4,1670754,1325174,86470,259110
radix,correlated0.9,65536,2,4,2051460,1706093,85928,259439
pdq_dynamic,correlated0.9,65536,2,4,3712543,3370703,83361,258479
pdq_static,correlated0.9,65536,2,4,1593424,1252233,81341,259850
radix,correlated0.9,65536,2,4,2027789,1682837,85797,259155
pdq_dynamic,correlated0.9,65536,2,4,3655667,3313167,83108,259392
pdq_static,correlated0.9,65536,2,4,1591490,1250603,81134,259753
radix,random,65536,4,4,2302812,1849617,209482,243713
pdq_dynamic,random,65536,4,4,6346743,5948324,154161,244258
pdq_static,random,65536,4,4,3471873,3073773,154166,243934
radix,random,65536,4,4,2206540,1809169,153680,243691
pdq_dynamic,random,65536,4,4,6339310,5941543,153910,243857
pdq_static,random,65536,4,4,3468761,3070690,153892,244179
radix,random,65536,4,4,2213147,1815284,154260,243603
pdq_dynamic,random,65536,4,4,6367255,5969141,153945,244169
pdq_static,random,65536,4,4,3506518,3108704,153806,244008
radix,random,65536,4,4,2204232,1807564,153038,243630
pdq_dynamic,random,65536,4,4,6333872,5936417,153500,243955
pdq_static,random,65536,4,4,3504528,3107047,153317,244164
radix,random,65536,4,4,2210993,1813682,153628,243683
pdq_dynamic,random,65536,4,4,6395720,5998205,153437,244078
pdq_static,random,65536,4,4,3465931,3067890,153989,244052
radix,powerlaw,65536,4,4,4688835,4282643,153585,252607
pdq_dynamic,powerlaw,65536,4,4,6390740,5984141,153445,253154
pdq_static,powerlaw,65536,4,4,4739715,4332506,153490,253719
radix,powerlaw,65536,4,4,4594553,4187432,153900,253221
pdq_dynamic,powerlaw,65536,4,4,6386984,5980548,153172,253264
pdq_static,powerlaw,65536,4,4,4746880,4339851,153711,253318
radix,powerlaw,65536,4,4,4562863,4156217,153647,252999
pdq_dynamic,powerlaw,65536,4,4,6368813,5961763,153702,253348
pdq_static,powerlaw,65536,4,4,4730673,4323881,153090,253702
radix,powerlaw,65536,4,4,4609892,4203233,153842,252817
pdq_dynamic,powerlaw,65536,4,4,6334931,5928412,153511,253008
pdq_static,powerlaw,65536,4,4,4759640,4352888,153870,252882
radix,powerlaw,65536,4,4,4568096,4160754,154016,253326
pdq_dynamic,powerlaw,65536,4,4,6443996,6037013,153712,253271
pdq_static,powerlaw,65536,4,4,4754698,4348499,153699,252500
radix,correlated0.1,65536,4,4,3686781,3288719,153381,244681
pdq_dynamic,correlated0.1,65536,4,4,6329717,5932220,152781,244716
pdq_static,correlated0.1,65536,4,4,4219609,3820982,153559,245068
radix,correlated0.1,65536,4,4,3628567,3230402,153532,244633
pdq_dynamic,correlated0.1,65536,4,4,6533399,6107499,180713,245187
pdq_static,correlated0.1,65536,4,4,4222648,3824518,152735,245395
radix,correlated0.1,65536,4,4,3609004,3210980,153348,244676
pdq_dynamic,correlated0.1,65536,4,4,6286652,5888193,153355,245104
pdq_static,correlated0.1,65536,4,4,4246034,3847745,153481,244808
radix,correlated0.1,65536,4,4,3650181,3252017,153387,244777
pdq_dynamic,correlated0.1,65536,4,4,6412157,6012703,154013,245441
pdq_static,correlated0.1,65536,4,4,4212765,3814235,153590,244940
radix,correlated0.1,65536,4,4,3597458,3199874,153185,244399
pdq_dynamic,correlated0.1,65536,4,4,6423366,6025846,152610,244910
pdq_static,correlated0.1,65536,4,4,4215919,3817221,153886,244812
radix,correlated0.5,65536,4,4,4094131,3634625,153655,305851
pdq_dynamic,correlated0.5,65536,4,4,6332021,5870118,156522,305381
pdq_static,correlated0.5,65536,4,4,4520993,4059074,154276,307643
radix,correlated0.5,65536,4,4,3929134,3467067,157030,305037
pdq_dynamic,correlated0.5,65536,4,4,6241414,5782600,153266,305548
pdq_static,correlated0.5,65536,4,4,4471008,4011943,154018,305047
radix,correlated0.5,65536,4,4,3996036,3532852,153530,309654
pdq_dynamic,correlated0.5,65536,4,4,6255941,5797204,153838,304899
pdq_static,correlated0.5,65536,4,4,4493885,4032859,154197,306829
radix,correlated0.5,65536,4,4,3964183,3504835,153490,305858
pdq_dynamic,correlated0.5,65536,4,4,6219267,5760789,153021,305457
pdq_static,correlated0.5,65536,4,4,4492899,4028756,154167,309976
radix,correlated0.5,65536,4,4,3972167,3510106,153538,308523
pdq_dynamic,correlated0.5,65536,4,4,6185031,5724447,153714,306870
pdq_static,correlated0.5,65536,4,4,4491828,4028354,153746,309728
radix,correlated0.9,65536,4,4,3666385,3238502,154628,273255
pdq_dynamic,correlated0.9,65536,4,4,4344024,3919104,153519,271401
pdq_static,correlated0.9,65536,4,4,3105104,2679056,153475,272573
radix,correlated0.9,65536,4,4,3683260,3256165,154194,272901
pdq_dynamic,correlated0.9,65536,4,4,4444846,4018576,153085,273185
pdq_static,correlated0.9,65536,4,4,3077541,2651651,154088,271802
radix,correlated0.9,65536,4,4,3656081,3229793,153642,272646
pdq_dynamic,correlated0.9,65536,4,4,4371854,3945610,153868,272376
pdq_static,correlated0.9,65536,4,4,3181474,2754767,153957,272750
radix,correlated0.9,65536,4,4,3689802,3254593,159228,275981
pdq_dynamic,correlated0.9,65536,4,4,4416612,3989200,153843,273569
pdq_static,correlated0.9,65536,4,4,3085844,2658226,154115,273503
radix,correlated0.9,65536,4,4,3667223,3240590,154219,272414
pdq_dynamic,correlated0.9,65536,4,4,4335923,3909740,153595,272588
pdq_static,correlated0.9,65536,4,4,3036801,2611395,153379,272027
radix,random,1048576,1,4,26617095,21588528,1425756,3602811
pdq_dynamic,random,1048576,1,4,107286681,102802489,882733,3601459
pdq_static,random,1048576,1,4,56008639,51527570,879219,3601850
radix,random,1048576,1,4,21967440,17486550,878758,3602132
pdq_dynamic,random,1048576,1,4,107191579,102711401,880655,3599523
pdq_static,random,1048576,1,4,55530295,51053079,875639,3601577
radix,random,1048576,1,4,21925617,17445341,878204,3602072
pdq_dynamic,random,1048576,1,4,108321560,103825452,875351,3620757
pdq_static,random,1048576,1,4,55807225,51327185,877470,3602570
radix,random,1048576,1,4,21936054,17462410,874505,3599139
pdq_dynamic,random,1048576,1,4,106260289,101659460,893290,3707539
pdq_static,random,1048576,1,4,56036094,51558637,876113,3601344
radix,random,1048576,1,4,22114813,17475696,875874,3763243
pdq_dynamic,random,1048576,1,4,107528553,103050258,876379,3601916
pdq_static,random,1048576,1,4,56044696,51562864,879832,3602000
radix,powerlaw,1048576,1,4,22840390,18364254,876695,3599441
pdq_dynamic,powerlaw,1048576,1,4,43669268,39090972,882220,3696076
pdq_static,powerlaw,1048576,1,4,16850180,12295030,934458,3620692
radix,powerlaw,1048576,1,4,22836137,18358992,877892,3599253
pdq_dynamic,powerlaw,1048576,1,4,41104220,36623598,880795,3599827
pdq_static,powerlaw,1048576,1,4,17220299,12742388,878867,3599044
radix,powerlaw,1048576,1,4,22746642,18270256,877230,3599156
pdq_dynamic,powerlaw,1048576,1,4,42153807,37677096,878155,3598556
pdq_static,powerlaw,1048576,1,4,16810794,12334983,877043,3598768
radix,powerlaw,1048576,1,4,22853686,18372922,881638,3599126
pdq_dynamic,powerlaw,1048576,1,4,43330086,38851976,879389,3598721
pdq_static,powerlaw,1048576,1,4,16746969,12269733,878116,3599120
radix,powerlaw,1048576,1,4,22847313,18369807,878280,3599226
pdq_dynamic,powerlaw,1048576,1,4,42394510,37920467,877633,3596410
pdq_static,powerlaw,1048576,1,4,16699804,12136522,963327,3599955
radix,correlated0.1,1048576,1,4,28838683,24358738,879499,3600446
pdq_dynamic,correlated0.1,1048576,1,4,51130933,46657400,877017,3596516
pdq_static,correlated0.1,1048576,1,4,19476749,14994239,883669,3598841
radix,correlated0.1,1048576,1,4,28973358,24498571,878152,3596635
pdq_dynamic,correlated0.1,1048576,1,4,50206003,45628039,883222,3694742
pdq_static,correlated0.1,1048576,1,4,19180038,14680646,893772,3605620
radix,correlated0.1,1048576,1,4,28641451,24167312,873931,3600208
pdq_dynamic,correlated0.1,1048576,1,4,49696826,45224793,873055,3598978
pdq_static,correlated0.1,1048576,1,4,18944611,14421174,871946,3651491
radix,correlated0.1,1048576,1,4,28257744,23780894,876922,3599928
pdq_dynamic,correlated0.1,1048576,1,4,49908002,45432829,876618,3598555
pdq_static,correlated0.1,1048576,1,4,18766285,14293230,873762,3599293
radix,correlated0.1,1048576,1,4,29774596,25299841,875328,3599427
pdq_dynamic,correlated0.1,1048576,1,4,49021634,44547018,875945,3598671
pdq_static,correlated0.1,1048576,1,4,19333175,14861975,871989,3599211
radix,correlated0.5,1048576,1,4,28763781,24290365,873103,3600313
pdq_dynamic,correlated0.5,1048576,1,4,51181651,46706214,875673,3599764
pdq_static,correlated0.5,1048576,1,4,19125986,14568550,873506,3683930
radix,correlated0.5,1048576,1,4,29967926,25489263,878698,3599965
pdq_dynamic,correlated0.5,1048576,1,4,50834414,46360322,876748,3597344
pdq_static,correlated0.5,1048576,1,4,19883348,15309910,881128,3692310
radix,correlated0.5,1048576,1,4,27988358,23510246,878701,3599411
pdq_dynamic,correlated0.5,1048576,1,4,49571753,45039453,876533,3655767
pdq_static,correlated0.5,1048576,1,4,18615435,14137136,879091,3599208
radix,correlated0.5,1048576,1,4,29768113,25295108,876236,3596769
pdq_dynamic,correlated0.5,1048576,1,4,51257842,46778210,880823,3598809
pdq_static,correlated0.5,1048576,1,4,19281450,14804986,877379,3599085
radix,correlated0.5,1048576,1,4,28911861,24434966,877251,3599644
pdq_dynamic,correlated0.5,1048576,1,4,51639963,47163490,877738,3598735
pdq_static,correlated0.5,1048576,1,4,19260540,14782903,877240,3600397
radix,correlated0.9,1048576,1,4,28066091,23587496,878564,3600031
pdq_dynamic,correlated0.9,1048576,1,4,50955288,46460726,881756,3612806
pdq_static,correlated0.9,1048576,1,4,18628309,14147989,878877,3601443
radix,correlated0.9,1048576,1,4,28000193,23520825,879177,3600191
pdq_dynamic,correlated0.9,1048576,1,4,49041934,44563040,879425,3599469
pdq_static,correlated0.9,1048576,1,4,18549820,14071101,879699,3599020
radix,correlated0.9,1048576,1,4,29891445,25410478,881607,3599360
pdq_dynamic,correlated0.9,1048576,1,4,51766327,47286893,880464,3598970
pdq_static,correlated0.9,1048576,1,4,19220404,14738932,881221,3600251
radix,correlated0.9,1048576,1,4,29245806,24764099,881964,3599743
pdq_dynamic,correlated0.9,1048576,1,4,50219412,45738620,882044,3598748
pdq_static,correlated0.9,1048576,1,4,19073693,14595873,878574,3599246
radix,correlated0.9,1048576,1,4,28556151,24076492,880268,3599391
pdq_dynamic,correlated0.9,1048576,1,4,49709005,45163509,880128,3665368
pdq_static,correlated0.9,1048576,1,4,18822715,14345355,878081,3599279
radix,random,1048576,2,4,60405226,54505869,1990231,3909126
pdq_dynamic,random,1048576,2,4,120371621,114939536,1534558,3897527
pdq_static,random,1048576,2,4,59416223,54037089,1481499,3897635
radix,random,1048576,2,4,59280209,53899355,1480989,3899865
pdq_dynamic,random,1048576,2,4,120374120,114977476,1499278,3897366
pdq_static,random,1048576,2,4,59519993,54135696,1486617,3897680
radix,random,1048576,2,4,59299063,53914685,1486281,3898097
pdq_dynamic,random,1048576,2,4,120940309,115540122,1502702,3897485
pdq_static,random,1048576,2,4,60118707,54677303,1543435,3897969
radix,random,1048576,2,4,59467640,54087734,1481362,3898544
pdq_dynamic,random,1048576,2,4,120627476,115226106,1502153,3899217
pdq_static,random,1048576,2,4,59558889,54168312,1492709,3897868
radix,random,1048576,2,4,59213583,53837941,1476201,3899441
pdq_dynamic,random,1048576,2,4,121392775,116007859,1487644,3897272
pdq_static,random,1048576,2,4,59588154,54207044,1482981,3898129
radix,powerlaw,1048576,2,4,31888342,26429161,1478441,3980740
pdq_dynamic,powerlaw,1048576,2,4,72900090,67416206,1506525,3977359
pdq_static,powerlaw,1048576,2,4,31203409,25745303,1479107,3978999
radix,powerlaw,1048576,2,4,32075839,26468060,1481489,4126290
pdq_dynamic,powerlaw,1048576,2,4,75267967,69788954,1500786,3978227
pdq_static,powerlaw,1048576,2,4,31311817,25850766,1482248,3978803
radix,powerlaw,1048576,2,4,31250099,25779388,1490525,3980186
pdq_dynamic,powerlaw,1048576,2,4,75073709,69595997,1500053,3977659
pdq_static,powerlaw,1048576,2,4,32262864,26725110,1552961,3984793
radix,powerlaw,1048576,2,4,31334872,25870519,1483563,3980790
pdq_dynamic,powerlaw,1048576,2,4,74522166,68883232,1500397,4138537
pdq_static,powerlaw,1048576,2,4,31642691,26156307,1508332,3978052
radix,powerlaw,1048576,2,4,31308813,25845497,1484399,3978917
pdq_dynamic,powerlaw,1048576,2,4,73931549,68448109,1506166,3977274
pdq_static,powerlaw,1048576,2,4,31635564,26170646,1487697,3977221
radix,correlated0.1,1048576,2,4,42972330,37413514,1487660,4071156
pdq_dynamic,correlated0.1,1048576,2,4,87543934,81978281,1500644,4065009
pdq_static,correlated0.1,1048576,2,4,37523838,31982817,1475166,4065855
radix,correlated0.1,1048576,2,4,43326029,37771866,1486908,4067255
pdq_dynamic,correlated0.1,1048576,2,4,88619777,83049549,1503871,4066357
pdq_static,correlated0.1,1048576,2,4,37890391,32341506,1483485,4065400
radix,correlated0.1,1048576,2,4,43824351,38266811,1485141,4072399
pdq_dynamic,correlated0.1,1048576,2,4,88900994,83326722,1508703,4065569
pdq_static,correlated0.1,1048576,2,4,37457009,31909167,1481848,4065994
radix,correlated0.1,1048576,2,4,43642592,38087597,1483809,4071186
pdq_dynamic,correlated0.1,1048576,2,4,88394250,82809189,1518725,4066336
pdq_static,correlated0.1,1048576,2,4,37564760,32014611,1483891,4066258
radix,correlated0.1,1048576,2,4,43826963,38261763,1493448,4071752
pdq_dynamic,correlated0.1,1048576,2,4,87153246,81478392,1512537,4162317
pdq_static,correlated0.1,1048576,2,4,38206296,32663305,1478786,4064205
radix,correlated0.5,1048576,2,4,44436418,38875126,1491003,4070289
pdq_dynamic,correlated0.5,1048576,2,4,76522887,70947659,1509273,4065955
pdq_static,correlated0.5,1048576,2,4,33561789,28011158,1485434,4065197
radix,correlated0.5,1048576,2,4,44727411,39171378,1487134,4068899
pdq_dynamic,correlated0.5,1048576,2,4,76631708,71061050,1506678,4063980
pdq_static,correlated0.5,1048576,2,4,33702027,28151805,1484309,4065913
radix,correlated0.5,1048576,2,4,42300649,36744929,1486219,4069501
pdq_dynamic,correlated0.5,1048576,2,4,77827446,72254803,1508560,4064083
pdq_static,correlated0.5,1048576,2,4,33546539,28001269,1480806,4064464
radix,correlated0.5,1048576,2,4,43480841,37911956,1496222,4072663
pdq_dynamic,correlated0.5,1048576,2,4,76682501,71104970,1514009,4063522
pdq_static,correlated0.5,1048576,2,4,33421251,27879084,1478006,4064161
radix,correlated0.5,1048576,2,4,43803184,38238354,1494843,4069987
pdq_dynamic,correlated0.5,1048576,2,4,75882327,70302979,1513484,4065864
pdq_static,correlated0.5,1048576,2,4,33387554,27847214,1475000,4065340
radix,correlated0.9,1048576,2,4,38575507,32992059,1490454,4092994
pdq_dynamic,correlated0.9,1048576,2,4,57863942,52247507,1525325,4091110
pdq_static,correlated0.9,1048576,2,4,25272664,19702380,1479651,4090633
radix,correlated0.9,1048576,2,4,36667754,31085203,1486010,4096541
pdq_dynamic,correlated0.9,1048576,2,4,57683383,52081136,1511490,4090757
pdq_static,correlated0.9,1048576,2,4,25714771,20141832,1485757,4087182
radix,correlated0.9,1048576,2,4,38235303,32564681,1483222,4187400
pdq_dynamic,correlated0.9,1048576,2,4,57575503,51981002,1504049,4090452
pdq_static,correlated0.9,1048576,2,4,25887434,20312587,1485584,4089263
radix,correlated0.9,1048576,2,4,36710637,31134901,1482831,4092905
pdq_dynamic,correlated0.9,1048576,2,4,60294236,54687152,1518059,4089025
pdq_static,correlated0.9,1048576,2,4,25176140,19606039,1481381,4088720
radix,correlated0.9,1048576,2,4,38635851,33046454,1491509,4097888
pdq_dynamic,correlated0.9,1048576,2,4,59320105,53726456,1502953,4090696
pdq_static,correlated0.9,1048576,2,4,25655830,20076247,1488416,4091167
radix,random,1048576,4,4,72596580,59746605,8793118,4056857
pdq_dynamic,random,1048576,4,4,129281782,115097804,10275903,3908075
pdq_static,random,1048576,4,4,72018420,58392900,9719822,3905698
radix,random,1048576,4,4,74062589,60402972,9508915,4150702
pdq_dynamic,random,1048576,4,4,127934946,115289993,8740977,3903976
pdq_static,random,1048576,4,4,71267241,58876992,8486996,3903253
radix,random,1048576,4,4,71923273,59420996,8520270,3982007
pdq_dynamic,random,1048576,4,4,127171693,114797057,8470417,3904219
pdq_static,random,1048576,4,4,70515082,58119296,8490548,3905238
radix,random,1048576,4,4,72042414,59566417,8502885,3973112
pdq_dynamic,random,1048576,4,4,126324660,113927864,8489897,3906899
pdq_static,random,1048576,4,4,70985549,58587610,8492325,3905614
radix,random,1048576,4,4,71829768,59324550,8528621,3976597
pdq_dynamic,random,1048576,4,4,128251948,115858273,8492338,3901337
pdq_static,random,1048576,4,4,70393659,58016216,8472338,3905105
radix,powerlaw,1048576,4,4,98096153,83731854,8542334,5821965
pdq_dynamic,powerlaw,1048576,4,4,129527960,115260371,8538694,5728895
pdq_static,powerlaw,1048576,4,4,96428631,82183989,8528989,5715653
radix,powerlaw,1048576,4,4,98141796,83814977,8520611,5806208
pdq_dynamic,powerlaw,1048576,4,4,129215554,114929002,8460716,5825836
pdq_static,powerlaw,1048576,4,4,96992207,82781916,8499080,5711211
radix,powerlaw,1048576,4,4,98037291,83635660,8577423,5824208
pdq_dynamic,powerlaw,1048576,4,4,130069792,115852048,8500521,5717223
pdq_static,powerlaw,1048576,4,4,96866718,82604679,8554070,5707969
radix,powerlaw,1048576,4,4,97641992,83253288,8569986,5818718
pdq_dynamic,powerlaw,1048576,4,4,129071970,114689344,8653132,5729494
pdq_static,powerlaw,1048576,4,4,96586438,82376720,8488607,5721111
radix,powerlaw,1048576,4,4,96290818,81968340,8514232,5808246
pdq_dynamic,powerlaw,1048576,4,4,129245741,115067817,8463323,5714601
pdq_static,powerlaw,1048576,4,4,96920467,82642924,8570866,5706677
radix,correlated0.1,1048576,4,4,85656359,72977367,8524511,4154481
pdq_dynamic,correlated0.1,1048576,4,4,127078453,114481286,8532254,4064913
pdq_static,correlated0.1,1048576,4,4,93285924,80745028,8476987,4063909
radix,correlated0.1,1048576,4,4,85089139,72402472,8538517,4148150
pdq_dynamic,correlated0.1,1048576,4,4,126970708,114372550,8528178,4069980
pdq_static,correlated0.1,1048576,4,4,93032776,80460309,8504259,4068208
radix,correlated0.1,1048576,4,4,85494353,72812602,8531152,4150599
pdq_dynamic,correlated0.1,1048576,4,4,128540093,115979835,8495851,4064407
pdq_static,correlated0.1,1048576,4,4,93013512,80462042,8485932,4065538
radix,correlated0.1,1048576,4,4,85307859,72615052,8534802,4158005
pdq_dynamic,correlated0.1,1048576,4,4,130453256,117730654,8654163,4068439
pdq_static,correlated0.1,1048576,4,4,93639546,81030912,8542987,4065647
radix,correlated0.1,1048576,4,4,85099936,72424369,8523780,4151787
pdq_dynamic,correlated0.1,1048576,4,4,127228130,114656713,8505825,4065592
pdq_static,correlated0.1,1048576,4,4,92773859,80044968,8508248,4220643
radix,correlated0.5,1048576,4,4,98042874,84441015,8520052,5081807
pdq_dynamic,correlated0.5,1048576,4,4,121481759,107793760,8662286,5025713
pdq_static,correlated0.5,1048576,4,4,91958060,78425414,8524102,5008544
radix,correlated0.5,1048576,4,4,98101933,84524756,8493961,5083216
pdq_dynamic,correlated0.5,1048576,4,4,121236013,107756930,8470131,5008952
pdq_static,correlated0.5,1048576,4,4,91217738,77699227,8511150,5007361
radix,correlated0.5,1048576,4,4,98602464,84995752,8530220,5076492
pdq_dynamic,correlated0.5,1048576,4,4,120368199,106804369,8551937,5011893
pdq_static,correlated0.5,1048576,4,4,91972570,78495920,8471577,5005073
radix,correlated0.5,1048576,4,4,97700510,84100368,8522616,5077526
pdq_dynamic,correlated0.5,1048576,4,4,121366546,107836851,8523505,5006190
pdq_static,correlated0.5,1048576,4,4,91521798,77977083,8533888,5010827
radix,correlated0.5,1048576,4,4,97933847,84317413,8542596,5073838
pdq_dynamic,correlated0.5,1048576,4,4,121159069,107630953,8527495,5000621
pdq_static,correlated0.5,1048576,4,4,92016421,78477337,8532751,5006333
radix,correlated0.9,1048576,4,4,70105152,56837522,8496078,4771552
pdq_dynamic,correlated0.9,1048576,4,4,79729731,66542421,8483249,4704061
pdq_static,correlated0.9,1048576,4,4,58658328,45463808,8492838,4701682
radix,correlated0.9,1048576,4,4,70681847,57414737,8494545,4772565
pdq_dynamic,correlated0.9,1048576,4,4,79711318,66492937,8520566,4697815
pdq_static,correlated0.9,1048576,4,4,58529112,45250008,8580247,4698857
radix,correlated0.9,1048576,4,4,69849640,56505972,8555967,4787701
pdq_dynamic,correlated0.9,1048576,4,4,80304733,67038344,8547097,4719292
pdq_static,correlated0.9,1048576,4,4,58319923,45134468,8478510,4706945
radix,correlated0.9,1048576,4,4,70323026,56996249,8546623,4780154
pdq_dynamic,correlated0.9,1048576,4,4,80588855,67367522,8522979,4698354
pdq_static,correlated0.9,1048576,4,4,58526181,45363581,8467882,4694718
radix,correlated0.9,1048576,4,4,70130697,56702071,8649122,4779504
pdq_dynamic,correlated0.9,1048576,4,4,79502038,66295955,8503711,4702372
pdq_static,correlated0.9,1048576,4,4,58775440,45581437,8493359,4700644
radix,random,16777216,1,4,786210626,652279752,74931617,58999257
pdq_dynamic,random,16777216,1,4,2075671095,1942464398,74686868,58519829
pdq_static,random,16777216,1,4,1075144595,941500323,74890566,58753706
radix,random,16777216,1,4,788268197,654539912,75136142,58592143
pdq_dynamic,random,16777216,1,4,2051645653,1918145050,74787024,58713579
pdq_static,random,16777216,1,4,1073434579,939953770,74969657,58511152
radix,random,16777216,1,4,787648225,653254902,75790954,58602369
pdq_dynamic,random,16777216,1,4,2050880516,1916798446,74828311,59253759
pdq_static,random,16777216,1,4,1068887477,935467837,74911767,58507873
radix,random,16777216,1,4,786254241,652667248,74913805,58673188
pdq_dynamic,random,16777216,1,4,2059283073,1925804607,74754793,58723673
pdq_static,random,16777216,1,4,1069764173,936119034,74977442,58667697
radix,random,16777216,1,4,789180021,655212606,74847584,59119831
pdq_dynamic,random,16777216,1,4,2061496147,1927828574,74773145,58894428
pdq_static,random,16777216,1,4,1081400883,946717825,75756303,58926755
radix,powerlaw,16777216,1,4,522102605,389060801,75132350,57909454
pdq_dynamic,powerlaw,16777216,1,4,748900975,615987951,74925105,57987919
pdq_static,powerlaw,16777216,1,4,342951724,208947743,75922866,58081115
radix,powerlaw,16777216,1,4,519415801,386370053,74990032,58055716
pdq_dynamic,powerlaw,16777216,1,4,761885333,627971845,75981048,57932440
pdq_static,powerlaw,16777216,1,4,329064185,196458217,74772663,57833305
radix,powerlaw,16777216,1,4,519433126,386674657,74868660,57889809
pdq_dynamic,powerlaw,16777216,1,4,751137857,618168019,74851764,58118074
pdq_static,powerlaw,16777216,1,4,334177139,201193084,74979680,58004375
radix,powerlaw,16777216,1,4,519041211,386049567,74915991,58075653
pdq_dynamic,powerlaw,16777216,1,4,738297104,605449113,74857678,57990313
pdq_static,powerlaw,16777216,1,4,337137846,204252088,74972721,57913037
radix,powerlaw,16777216,1,4,519909694,387044160,74874360,57991174
pdq_dynamic,powerlaw,16777216,1,4,753367633,620439208,75087596,57840829
pdq_static,powerlaw,16777216,1,4,335962925,202759364,74941308,58262253
radix,correlated0.1,16777216,1,4,535526032,402779239,74860893,57885900
pdq_dynamic,correlated0.1,16777216,1,4,855946440,723211785,74905241,57829414
pdq_static,correlated0.1,16777216,1,4,399386183,266662957,74894631,57828595
radix,correlated0.1,16777216,1,4,539376621,406551166,74770997,58054458
pdq_dynamic,correlated0.1,16777216,1,4,892982093,760249507,74802761,57929825
pdq_static,correlated0.1,16777216,1,4,378441994,245278485,74895835,58267674
radix,correlated0.1,16777216,1,4,539655915,406897452,74844036,57914427
pdq_dynamic,correlated0.1,16777216,1,4,872892390,740143856,74908958,57839576
pdq_static,correlated0.1,16777216,1,4,377026513,243253152,75939000,57834361
radix,correlated0.1,16777216,1,4,532455825,399099048,74883899,58472878
pdq_dynamic,correlated0.1,16777216,1,4,896394648,763611025,74793413,57990210
pdq_static,correlated0.1,16777216,1,4,390955624,258031340,74960940,57963344
radix,correlated0.1,16777216,1,4,535286060,402279978,75010880,57995202
pdq_dynamic,correlated0.1,16777216,1,4,864786853,731938529,74823740,58024584
pdq_static,correlated0.1,16777216,1,4,373076842,240452978,74801969,57821895
radix,correlated0.5,16777216,1,4,538694098,406019668,74771452,57902978
pdq_dynamic,correlated0.5,16777216,1,4,890279151,757451084,74998491,57829576
pdq_static,correlated0.5,16777216,1,4,369101166,236480658,74789131,57831377
radix,correlated0.5,16777216,1,4,531304160,398398920,74802916,58102324
pdq_dynamic,correlated0.5,16777216,1,4,881830781,749254821,74745813,57830147
pdq_static,correlated0.5,16777216,1,4,372538010,239925263,74784860,57827887
radix,correlated0.5,16777216,1,4,537580624,404530330,74994423,58055871
pdq_dynamic,correlated0.5,16777216,1,4,878854572,745867306,74955303,58031963
pdq_static,correlated0.5,16777216,1,4,377696228,244676358,75023239,57996631
radix,correlated0.5,16777216,1,4,533932007,400157322,75880255,57894430
pdq_dynamic,correlated0.5,16777216,1,4,866987979,734243196,74905879,57838904
pdq_static,correlated0.5,16777216,1,4,397731959,264762987,75047394,57921578
radix,correlated0.5,16777216,1,4,532795347,399968475,74927107,57899765
pdq_dynamic,correlated0.5,16777216,1,4,900257823,766957735,75460922,57839166
pdq_static,correlated0.5,16777216,1,4,380229456,247585686,74816481,57827289
radix,correlated0.9,16777216,1,4,536276376,403461806,74919187,57895383
pdq_dynamic,correlated0.9,16777216,1,4,905103268,772250983,74858080,57994205
pdq_static,correlated0.9,16777216,1,4,372085421,239334824,74922586,57828011
radix,correlated0.9,16777216,1,4,532025911,398745876,75288059,57991976
pdq_dynamic,correlated0.9,16777216,1,4,871542835,738767556,74942096,57833183
pdq_static,correlated0.9,16777216,1,4,385805240,252681933,74865999,58257308
radix,correlated0.9,16777216,1,4,536280130,403336025,74786255,58157850
pdq_dynamic,correlated0.9,16777216,1,4,916854722,783670816,75262150,57921756
pdq_static,correlated0.9,16777216,1,4,380273605,247571287,74853819,57848499
radix,correlated0.9,16777216,1,4,532391689,399230672,74996912,58164105
pdq_dynamic,correlated0.9,16777216,1,4,851702683,719081966,74797991,57822726
pdq_static,correlated0.9,16777216,1,4,398992856,265695705,74920703,58376448
radix,correlated0.9,16777216,1,4,536789648,404028444,74861550,57899654
pdq_dynamic,correlated0.9,16777216,1,4,873988572,741350718,74807843,57830011
pdq_static,correlated0.9,16777216,1,4,372031656,239337469,74874445,57819742
radix,random,16777216,2,4,1040759955,864103501,112830264,63826190
pdq_dynamic,random,16777216,2,4,2343917271,2167039273,113053579,63824419
pdq_static,random,16777216,2,4,1199693549,1023087683,112885499,63720367
radix,random,16777216,2,4,1038936713,862024887,112921513,63990313
pdq_dynamic,random,16777216,2,4,2352228371,2175736809,112742599,63748963
pdq_static,random,16777216,2,4,1192914042,1015436036,112994390,64483616
radix,random,16777216,2,4,1041207370,864642881,112743208,63821281
pdq_dynamic,random,16777216,2,4,2340386926,2163766599,112955422,63664905
pdq_static,random,16777216,2,4,1197393986,1020717702,112880046,63796238
radix,random,16777216,2,4,1040751276,862628678,114283203,63839395
pdq_dynamic,random,16777216,2,4,2332889244,2156284815,112963313,63641116
pdq_static,random,16777216,2,4,1197058975,1018897974,114406833,63754168
radix,random,16777216,2,4,1039972382,863323183,112821856,63827343
pdq_dynamic,random,16777216,2,4,2354466563,2177560044,113261109,63645410
pdq_static,random,16777216,2,4,1195793859,1019236165,112912651,63645043
radix,powerlaw,16777216,2,4,761491050,584576418,113013201,63901431
pdq_dynamic,powerlaw,16777216,2,4,1257926934,1081346099,112843386,63737449
pdq_static,powerlaw,16777216,2,4,610438198,428367861,118240368,63829969
radix,powerlaw,16777216,2,4,778881002,602118751,112723312,64038939
pdq_dynamic,powerlaw,16777216,2,4,1257451274,1080838176,112811726,63801372
pdq_static,powerlaw,16777216,2,4,611084455,434552632,112796382,63735441
radix,powerlaw,16777216,2,4,768904418,591951040,112773169,64180209
pdq_dynamic,powerlaw,16777216,2,4,1253026700,1076408885,112879630,63738185
pdq_static,powerlaw,16777216,2,4,626172318,449260563,113169060,63742695
radix,powerlaw,16777216,2,4,756559640,579929156,112719918,63910566
pdq_dynamic,powerlaw,16777216,2,4,1251935916,1075305348,112880271,63750297
pdq_static,powerlaw,16777216,2,4,606695626,429846322,113108998,63740306
radix,powerlaw,16777216,2,4,758176535,581291973,112887148,63997414
pdq_dynamic,powerlaw,16777216,2,4,1241795753,1064989553,112827854,63978346
pdq_static,powerlaw,16777216,2,4,603298967,426674837,112775739,63848391
radix,correlated0.1,16777216,2,4,792571324,615690328,112967767,63913229
pdq_dynamic,correlated0.1,16777216,2,4,1454204860,1277537749,112914997,63752114
pdq_static,correlated0.1,16777216,2,4,679638857,502903691,112822023,63913143
radix,correlated0.1,16777216,2,4,798545787,620800394,113498555,64246838
pdq_dynamic,correlated0.1,16777216,2,4,1455283928,1278544451,112797075,63942402
pdq_static,correlated0.1,16777216,2,4,681342600,504123464,113364477,63854659
radix,correlated0.1,16777216,2,4,803008540,625423636,113208243,64376661
pdq_dynamic,correlated0.1,16777216,2,4,1457071571,1275948201,117365932,63757438
pdq_static,correlated0.1,16777216,2,4,685327681,508740052,112820052,63767577
radix,correlated0.1,16777216,2,4,797713968,620783223,112884474,64046271
pdq_dynamic,correlated0.1,16777216,2,4,1460246044,1283710283,112780708,63755053
pdq_static,correlated0.1,16777216,2,4,693422561,516644279,112911864,63866418
radix,correlated0.1,16777216,2,4,795049412,617206532,113930631,63912249
pdq_dynamic,correlated0.1,16777216,2,4,1451587796,1274926816,112809938,63851042
pdq_static,correlated0.1,16777216,2,4,683551127,507024178,112763760,63763189
radix,correlated0.5,16777216,2,4,781259800,604274567,112983740,64001493
pdq_dynamic,correlated0.5,16777216,2,4,1271448326,1094830182,112858954,63759190
pdq_static,correlated0.5,16777216,2,4,616451842,439804441,112807599,63839802
radix,correlated0.5,16777216,2,4,766644394,589755996,112978215,63910183
pdq_dynamic,correlated0.5,16777216,2,4,1308093573,1130050491,114283951,63759131
pdq_static,correlated0.5,16777216,2,4,624551967,447829648,112833162,63889157
radix,correlated0.5,16777216,2,4,771588844,593440367,114093086,64055391
pdq_dynamic,correlated0.5,16777216,2,4,1280888545,1099829558,117157903,63901084
pdq_static,correlated0.5,16777216,2,4,615933151,439425416,112745916,63761819
radix,correlated0.5,16777216,2,4,763845338,586886047,112888995,64070296
pdq_dynamic,correlated0.5,16777216,2,4,1286921709,1110333538,112826225,63761946
pdq_static,correlated0.5,16777216,2,4,627822923,451254826,112805621,63762476
radix,correlated0.5,16777216,2,4,762608459,585613136,113095562,63899761
pdq_dynamic,correlated0.5,16777216,2,4,1288737889,1111702556,112798430,64236903
pdq_static,correlated0.5,16777216,2,4,618750832,442072578,112925871,63752383
radix,correlated0.9,16777216,2,4,711271506,534406066,112841390,64024050
pdq_dynamic,correlated0.9,16777216,2,4,1001550815,824863517,112899778,63787520
pdq_static,correlated0.9,16777216,2,4,517544888,336609395,117142405,63793088
radix,correlated0.9,16777216,2,4,711248429,533168415,114159057,63920957
pdq_dynamic,correlated0.9,16777216,2,4,1026476928,848401909,113617504,64457515
pdq_static,correlated0.9,16777216,2,4,498812216,322097818,112910469,63803929
radix,correlated0.9,16777216,2,4,708073483,531254457,112885982,63933044
pdq_dynamic,correlated0.9,16777216,2,4,1002616159,825889549,112914900,63811710
pdq_static,correlated0.9,16777216,2,4,506792657,330051727,112846035,63894895
radix,correlated0.9,16777216,2,4,710078128,533138131,113025173,63914824
pdq_dynamic,correlated0.9,16777216,2,4,1045182806,867940189,113000336,64242281
pdq_static,correlated0.9,16777216,2,4,507398409,330585653,112859481,63953275
radix,correlated0.9,16777216,2,4,709349247,531454509,113958299,63936439
pdq_dynamic,correlated0.9,16777216,2,4,1024801760,848075533,112930352,63795875
pdq_static,correlated0.9,16777216,2,4,504790441,328021892,112812976,63955573
radix,random,16777216,4,4,1297849681,1039295887,191147088,67406706
pdq_dynamic,random,16777216,4,4,2449571049,2189949997,191198737,68422315
pdq_static,random,16777216,4,4,1391843964,1133283018,191338941,67222005
radix,random,16777216,4,4,1298256885,1039152284,191140581,67964020
pdq_dynamic,random,16777216,4,4,2433485851,2175058108,191435086,66992657
pdq_static,random,16777216,4,4,1391633381,1132158976,191312663,68161742
radix,random,16777216,4,4,1299717624,1039716705,191434790,68566129
pdq_dynamic,random,16777216,4,4,2439363027,2180738934,191133458,67490635
pdq_static,random,16777216,4,4,1389660147,1131037465,191378909,67243773
radix,random,16777216,4,4,1298562429,1038621305,191293515,68647609
pdq_dynamic,random,16777216,4,4,2435142481,2175489265,191384446,68268770
pdq_static,random,16777216,4,4,1389747600,1130396122,191237480,68113998
radix,random,16777216,4,4,1297794007,1039134034,191167139,67492834
pdq_dynamic,random,16777216,4,4,2433208737,2173752471,191191480,68264786
pdq_static,random,16777216,4,4,1416120701,1155872469,191167654,69080578
radix,powerlaw,16777216,4,4,1735210904,1429296350,191021913,114892641
pdq_dynamic,powerlaw,16777216,4,4,2412309849,2106529777,191112481,114667591
pdq_static,powerlaw,16777216,4,4,1839390787,1533663432,191150695,114576660
radix,powerlaw,16777216,4,4,1727974489,1422008680,191038818,114926991
pdq_dynamic,powerlaw,16777216,4,4,2405118983,2098654226,191258239,115206518
pdq_static,powerlaw,16777216,4,4,1835572946,1527351003,192729499,115492444
radix,powerlaw,16777216,4,4,1752828720,1445540069,192735361,114553290
pdq_dynamic,powerlaw,16777216,4,4,2409237768,2100739192,194244246,114254330
pdq_static,powerlaw,16777216,4,4,1842063147,1536493565,191049428,114520154
radix,powerlaw,16777216,4,4,1768366576,1461848254,191345887,115172435
pdq_dynamic,powerlaw,16777216,4,4,2453764423,2147571166,191342284,114850973
pdq_static,powerlaw,16777216,4,4,1842565250,1534821831,193336195,114407224
radix,powerlaw,16777216,4,4,1746352696,1439086138,193137220,114129338
pdq_dynamic,powerlaw,16777216,4,4,2412195254,2104935015,191153339,116106900
pdq_static,powerlaw,16777216,4,4,1837987903,1531390113,191280374,115317416
radix,correlated0.1,16777216,4,4,1742471417,1466640424,191472463,84358530
pdq_dynamic,correlated0.1,16777216,4,4,2465631671,2190081140,191241744,84308787
pdq_static,correlated0.1,16777216,4,4,1806754657,1530740843,191512865,84500949
radix,correlated0.1,16777216,4,4,1750448060,1475126934,191119376,84201750
pdq_dynamic,correlated0.1,16777216,4,4,2441076387,2165650889,191597619,83827879
pdq_static,correlated0.1,16777216,4,4,1813848431,1538719546,191171534,83957351
radix,correlated0.1,16777216,4,4,1729403652,1453625056,191442362,84336234
pdq_dynamic,correlated0.1,16777216,4,4,2450997616,2175542657,191315164,84139795
pdq_static,correlated0.1,16777216,4,4,1821351756,1544444410,192725617,84181729
radix,correlated0.1,16777216,4,4,1751681185,1474467878,192981539,84231768
pdq_dynamic,correlated0.1,16777216,4,4,2450168311,2174464227,191444645,84259439
pdq_static,correlated0.1,16777216,4,4,1801651611,1525660266,191295294,84696051
radix,correlated0.1,16777216,4,4,1728805407,1452937483,191338304,84529620
pdq_dynamic,correlated0.1,16777216,4,4,2469010799,2192199315,192907088,83904396
pdq_static,correlated0.1,16777216,4,4,1802646647,1527119140,191408658,84118849
radix,correlated0.5,16777216,4,4,1571691024,1284304509,191093198,96293317
pdq_dynamic,correlated0.5,16777216,4,4,2118948764,1832721824,191396972,94829968
pdq_static,correlated0.5,16777216,4,4,1641805821,1355680878,191061031,95063912
radix,correlated0.5,16777216,4,4,1580418376,1294279193,191260639,94878544
pdq_dynamic,correlated0.5,16777216,4,4,2124627623,1838475939,191357476,94794208
pdq_static,correlated0.5,16777216,4,4,1621965046,1333984406,193242502,94738138
radix,correlated0.5,16777216,4,4,1576332313,1289809555,191276538,95246220
pdq_dynamic,correlated0.5,16777216,4,4,2100162124,1814421298,191241334,94499492
pdq_static,correlated0.5,16777216,4,4,1627478957,1339994242,192906369,94578346
radix,correlated0.5,16777216,4,4,1581361675,1295143003,191321505,94897167
pdq_dynamic,correlated0.5,16777216,4,4,2126142236,1840533561,191049505,94559170
pdq_static,correlated0.5,16777216,4,4,1624724461,1336902826,192746201,95075434
radix,correlated0.5,16777216,4,4,1569442559,1281962088,192906088,94574383
pdq_dynamic,correlated0.5,16777216,4,4,2108762637,1822203696,191409007,95149934
pdq_static,correlated0.5,16777216,4,4,1616089113,1330128233,191179563,94781317
radix,correlated0.9,16777216,4,4,1389162716,1129011633,191709314,68441769
pdq_dynamic,correlated0.9,16777216,4,4,1333122660,1073381088,192194993,67546579
pdq_static,correlated0.9,16777216,4,4,995147489,736062991,191302196,67782302
radix,correlated0.9,16777216,4,4,1385407494,1126068952,191430618,67907924
pdq_dynamic,correlated0.9,16777216,4,4,1342579723,1082888129,191217919,68473675
pdq_static,correlated0.9,16777216,4,4,987783063,728344715,191188652,68249696
radix,correlated0.9,16777216,4,4,1381744433,1122439913,191450942,67853578
pdq_dynamic,correlated0.9,16777216,4,4,1314920303,1054906883,191193232,68820188
pdq_static,correlated0.9,16777216,4,4,998463040,736388590,194455450,67619000
radix,correlated0.9,16777216,4,4,1372739006,1113340065,191243303,68155638
pdq_dynamic,correlated0.9,16777216,4,4,1368369039,1109098200,191569615,67701224
pdq_static,correlated0.9,16777216,4,4,985274853,723548136,193055929,68670788
radix,correlated0.9,16777216,4,4,1393498304,1132750514,192715282,68032508
pdq_dynamic,correlated0.9,16777216,4,4,1364376982,1104320431,192300212,67756339
pdq_static,correlated0.9,16777216,4,4,1006530428,745101636,192505376,68923416
